{
  "n": 500,
  "composite_score": 6643.36,
  "within_tolerance": false,
  "max_axis_z": 17.559676705147645,
  "max_joint_z": 46.16817085395521,
  "agg_max_z": 5.172946579745284
}