{
  "n": 500,
  "composite_score": 1378.98,
  "within_tolerance": false,
  "max_axis_z": 8.664763412811688,
  "max_joint_z": 16.792855623746664,
  "agg_max_z": 2.258655663576617
}