{
  "n": 500,
  "composite_score": 8438.23,
  "within_tolerance": false,
  "max_axis_z": 15.754527228867525,
  "max_joint_z": 60.96720429870473,
  "agg_max_z": 2.8049342054455466
}