{
  "n": 500,
  "composite_score": 1347.28,
  "within_tolerance": false,
  "max_axis_z": 10.667975632697221,
  "max_joint_z": 4.281744192888376,
  "agg_max_z": 5.172946579745284
}