{
  "n": 500,
  "composite_score": 929.38,
  "within_tolerance": false,
  "max_axis_z": 3.2969023669789355,
  "max_joint_z": 4.489444594999991,
  "agg_max_z": 5.172946579745284
}