{
  "n": 500,
  "composite_score": 660.88,
  "within_tolerance": false,
  "max_axis_z": 5.184321535733555,
  "max_joint_z": 3.422728853704584,
  "agg_max_z": 2.258655663576617
}